SET search_path TO sandivan;

INSERT INTO rol (id_rol, descrip) VALUES
(1, 'Administrador'),
(2, 'Vendedor'),
(3, 'Inventariado'),
(4, 'Gerente'),
(5, 'Recepcionista');

INSERT INTO usuario (rfc, nombres, apellidos, telefono, direccion, correo, clavesita, id_rol) VALUES
('PEGJ050419ABC', 'Juan', 'Pérez García', '5551234567', 'Calle Falsa 123', 'juan@email.com', 'hashedpass1', 1),
('LOMA120688XYZ', 'María', 'López Martínez', '5552345678', 'Av. Siempre Viva 45', 'maria@email.com', 'hashedpass2', 2),
('GOCA200197DEF', 'Carlos', 'Gómez Sánchez', '5553456789', 'Paseo Reforma 789', 'carlos@email.com', 'hashedpass3', 3),
('ROAN010583GHI', 'Ana', 'Rodríguez Flores', '5554567890', 'Blvd. Las Torres 56', 'ana@email.com', 'hashedpass4', 4),
('HELU150990JKL', 'Luis', 'Hernández Cruz', '5555678901', 'Callejón del Beso 7', 'luis@email.com', 'hashedpass5', 5);

INSERT INTO proveedor (nombre_empresa, contacto, ubicacion) VALUES
('Animales Exóticos SA', 'Roberto Mendoza', 'Guadalajara, Jalisco'),
('Fauna Internacional', 'Laura Jiménez', 'Cancún, Quintana Roo'),
('Mundo Salvaje', 'Fernando Castro', 'Veracruz, Veracruz'),
('Naturaleza Viva', 'Sofía Ramírez', 'Mérida, Yucatán'),
('Especies Protegidas', 'Ricardo León', 'Monterrey, Nuevo León'),
('Hábitats Naturales', 'Patricia Díaz', 'Tulum, Quintana Roo'),
('Biodiversidad Mexicana', 'Jorge Silva', 'Oaxaca, Oaxaca'),
('Animal Kingdom', 'Daniela Ortega', 'Puerto Vallarta, Jalisco');

INSERT INTO habitat (codigo_habitat, descripcion) VALUES
('DES', 'Desierto'),
('SEL', 'Selva Tropical'),
('BOS', 'Bosque Templado'),
('OCE', 'Océano'),
('MON', 'Montaña'),
('PRA', 'Pradera'),
('POL', 'Polo Norte'),
('SAV', 'Sabana'),
('PANT', 'Pantano'),
('RIO', 'Río');

INSERT INTO animal (nombre_comun, edad, sexo, precio, stock_disponible, codigo_habitat, codigo_proveedor) VALUES
('León Africano', 5, 'M', 250000.00, 2, 'SAV', 1),
('Tigre de Bengala', 4, 'H', 300000.00, 1, 'SEL', 2),
('Oso Polar', 7, 'M', 350000.00, 1, 'POL', 3),
('Jirafa', 3, 'H', 180000.00, 3, 'SAV', 1),
('Elefante Africano', 10, 'M', 500000.00, 1, 'SAV', 4),
('Cocodrilo del Nilo', 8, 'H', 120000.00, 2, 'RIO', 5),
('Pingüino Emperador', 2, 'M', 75000.00, 5, 'POL', 3),
('Gorila de Montaña', 6, 'H', 280000.00, 1, 'MON', 2),
('Águila Real', 4, 'M', 95000.00, 3, 'MON', 6),
('Serpiente Pitón', 3, 'H', 45000.00, 4, 'SEL', 4),
('Lobo Gris', 5, 'M', 80000.00, 2, 'BOS', 7),
('Tortuga Galápagos', 15, 'H', 150000.00, 1, 'OCE', 5),
('Cebra', 4, 'M', 110000.00, 3, 'SAV', 1),
('Hipopótamo', 7, 'H', 220000.00, 1, 'RIO', 4),
('Rinoceronte Blanco', 9, 'M', 400000.00, 1, 'SAV', 2),
('Panda Rojo', 3, 'H', 125000.00, 2, 'MON', 8),
('Lemur de Cola Anillada', 2, 'M', 65000.00, 4, 'SEL', 6),
('Tucán', 1, 'H', 35000.00, 6, 'SEL', 7),
('Camello', 8, 'M', 140000.00, 2, 'DES', 5),
('Lince Ibérico', 4, 'H', 95000.00, 1, 'BOS', 7),
('Orangután', 6, 'M', 210000.00, 1, 'SEL', 2),
('Puma', 5, 'H', 160000.00, 1, 'MON', 6),
('Búho Nival', 3, 'M', 55000.00, 3, 'POL', 3),
('Mono Araña', 2, 'H', 45000.00, 5, 'SEL', 4),
('Canguro Rojo', 4, 'M', 120000.00, 2, 'PRA', 8),
('Koala', 3, 'H', 130000.00, 3, 'BOS', 8),
('Suricata', 2, 'M', 40000.00, 6, 'DES', 5),
('Nutria Gigante', 4, 'H', 75000.00, 2, 'RIO', 7),
('Tapir', 5, 'M', 110000.00, 1, 'SEL', 4),
('Perezoso', 3, 'H', 60000.00, 4, 'SEL', 6),
('Armadillo Gigante', 4, 'M', 50000.00, 3, 'PRA', 7),
('Flamenco', 2, 'H', 45000.00, 8, 'PANT', 5),
('Cóndor Andino', 6, 'M', 85000.00, 2, 'MON', 6),
('Mono Capuchino', 3, 'H', 55000.00, 5, 'SEL', 4),
('Puercoespín', 4, 'M', 35000.00, 7, 'BOS', 7),
('Avestruz', 3, 'H', 65000.00, 4, 'SAV', 1),
('Jaguar', 5, 'M', 180000.00, 1, 'SEL', 2),
('Ocelote', 4, 'H', 95000.00, 2, 'SEL', 4),
('Tortuga Marina', 10, 'M', 90000.00, 1, 'OCE', 5),
('Iguana Verde', 2, 'H', 25000.00, 8, 'SEL', 6),
('Panda Gigante', 4, 'M', 320000.00, 1, 'MON', 8),
('Mono Ardilla', 1, 'H', 30000.00, 6, 'SEL', 4),
('Bisonte Americano', 6, 'M', 150000.00, 2, 'PRA', 7),
('Alce', 5, 'H', 140000.00, 1, 'BOS', 3),
('Cacatúa', 3, 'M', 40000.00, 5, 'SEL', 6),
('Pez Payaso', 1, 'H', 15000.00, 12, 'OCE', 5),
('Dragón de Komodo', 7, 'M', 200000.00, 1, 'SEL', 2),
('Mamba Negra', 4, 'H', 60000.00, 2, 'SEL', 4),
('Lémur Volador', 2, 'M', 70000.00, 3, 'SEL', 6),
('Cisne Negro', 3, 'H', 50000.00, 4, 'RIO', 5);